max_steps,learning_rate,batch_size,activation,MAE,RMSE,MAPE
1000,0.001,32,ReLU,505526.70120347204,560808.7034287921,130.3146650692375
