max_steps,learning_rate,batch_size,activation,MAE,RMSE,MAPE
1,0.001,32,ReLU,226556.28943353993,291284.5320805563,65.15696091073427
