max_steps,learning_rate,batch_size,activation,MAE,RMSE,MAPE
1,0.001,32,ReLU,226375.31854855374,291069.6065071771,65.17260144939294
