max_steps,learning_rate,batch_size,activation,MAE,RMSE,MAPE
1,0.001,32,ReLU,1728132.9271703293,2122296.1983900587,188.28046955810166
