max_steps,learning_rate,batch_size,activation,MAE,RMSE,MAPE
1,0.001,32,ReLU,1525027.3337534338,1865919.0287231873,202.23546987789317
