max_steps,learning_rate,batch_size,activation,MAE,RMSE,MAPE
1000,0.001,32,ReLU,1845003.407236573,2026893.178076328,247.5051698591289
