max_steps,learning_rate,batch_size,activation,MAE,RMSE,MAPE
1,0.001,32,ReLU,1586833.2431730768,1950729.411995632,537.0595126722687
