max_steps,learning_rate,batch_size,activation,MAE,RMSE,MAPE
1,0.001,32,ReLU,323988.28020947805,408422.87564875704,126.60682029522361
