max_steps,learning_rate,batch_size,activation,MAE,RMSE,MAPE
1,0.001,32,ReLU,341612.63686813187,423083.60361881636,126.18230036320045
