max_steps,learning_rate,batch_size,activation,MAE,RMSE,MAPE
1,0.001,32,ReLU,341564.44150669646,423031.1658574415,126.162993835791
