max_steps,learning_rate,batch_size,activation,MAE,RMSE,MAPE
1,0.001,32,ReLU,341614.1936263736,423084.36633820005,126.18244415668451
