max_steps,learning_rate,batch_size,activation,MAE,RMSE,MAPE
1,0.001,32,ReLU,334610.6294333791,419329.81682271406,158.75778504692104
