max_steps,learning_rate,batch_size,activation,MAE,RMSE,MAPE
1000,0.001,32,ReLU,286598.06678206555,328941.7568623948,97.12965950101591
