Modelo,Score_Composto,MAPE,RMSE,MAE,MSE
LSTM_1_0.001_32_200_200_2_2_True_0.0_-1_-1_100_1,0.0,inf,229470.53452174022,219717.24697602738,52656726213.69317
