max_steps,learning_rate,batch_size,activation,MAE,MSE,RMSE,MAPE
1,0.001,32,ReLU,1427576.697441621,3227241774788.797,1796452.5528910572,330.62143376731854
