max_steps,learning_rate,batch_size,activation,MAE,MSE,RMSE,MAPE
1,0.001,32,ReLU,724605.4380013737,934681857561.1669,966789.4587557142,205.9696751343145
