max_steps,learning_rate,batch_size,MAE,MSE,RMSE,MAPE
1,0.001,32,574200.5569574176,630900020265.9956,794292.1504496917,201.4676103369187
