max_steps,learning_rate,batch_size,activation,MAE,MSE,RMSE,MAPE
1000,0.001,32,ReLU,951200.9711607144,1355318773483.7253,1164181.5895657022,215.16902382697555
