max_steps,learning_rate,batch_size,MAE,MSE,RMSE,MAPE
1000,0.001,32,470612.3365865384,474062376516.1598,688521.8780228845,35.01690547303525
