max_steps,learning_rate,batch_size,activation,MAE,MSE,RMSE,MAPE
1000,0.001,32,ReLU,541097.2140865385,481809694617.13245,694125.1289336329,93.35251661643207
