max_steps,learning_rate,batch_size,MAE,MSE,RMSE,MAPE
1000,0.001,32,480808.8573076923,541940674064.25934,736166.2000284034,67.4339482213012
