max_steps,learning_rate,batch_size,MAE,MSE,RMSE,MAPE
1000,0.001,32,780083.5864010989,788592781894.058,888027.4668578996,44.841362144502945
