max_steps,learning_rate,batch_size,MAE,MSE,RMSE,MAPE
1,0.001,32,565432.7137912088,611230563785.5789,781812.3584246918,251.67099198664525
