max_steps,learning_rate,batch_size,MAE,MSE,RMSE,MAPE
1,0.001,32,667176.148434066,807676750240.2205,898708.3788639229,205.0066034816411
